<resources>
  <string name="app_name">Quick Calc</string>
  <string name="zero">0</string>
  <string name="enter_values">Enter Values</string>
  <string name="seven">7</string>
  <string name="eight">8</string>
  <string name="nine">9</string>
  <string name="divide">/</string>
  <string name="four">4</string>
  <string name="five">5</string>
  <string name="six">6</string>
  <string name="multiply">*</string>
  <string name="one">1</string>
  <string name="two">2</string>
  <string name="three">3</string>
  <string name="subtract">-</string>
  <string name="clear">C</string>
  <string name="equal">=</string>
  <string name="add">+</string>
</resources>