[
    {
        "id": 1,
        "price": "230",
        "date": "2023-11-19"
    },
    {
        "id": 2,
        "price": "453",
        "date": "2023-11-20"
    },
    {
        "id": 3,
        "price": "656",
        "date": "2023-11-21"
    },
    {
        "id": 4,
        "price": "394",
        "date": "2023-11-22"
    },
    {
        "id": 5,
        "price": "975",
        "date": "2023-11-23"
    },
    {
        "id": 6,
        "price": "534",
        "date": "2023-11-24"
    },
    {
        "id": 7,
        "price": "132",
        "date": "2023-11-25"
    },
    {
        "id": 8,
        "price": "543",
        "date": "2023-11-21"
    },
    {
        "id": 9,
        "price": "465",
        "date": "2023-11-22"
    },
    {
        "id": 10,
        "price": "235",
        "date": "2023-11-25"
    },
    {
        "id": 11,
        "price": "332",
        "date": "2023-11-20"
    },
    {
        "id": 12,
        "price": "233",
        "date": "2023-11-19"
    },
    {
        "id": 13,
        "price": "245",
        "date": "2023-11-25"
    },
    {
        "id": 14,
        "price": "432",
        "date": "2023-11-22"
    }
]